{
    "ATTACK_POWER_RANGE": 0.10000000149011612,
    "ATTACK_SPEED_MIN": 0.10000000149011612,
    "ATTACK_SPEED_MAX": 3.0,
    "CRITICAL_CHANCE_MAX_RATIO": 0.800000011920929,
    "MIN_DAMAGE_MUL": 0.009999999776482582,
    "MAX_DAMAGE_MUL": 5.0
}