{
    "typeName": "GachaEntryDataSheet",
    "prefixID": 3400000000,
    "infos": [
        {
            "tid": 3400000001,
            "description": "장비",
            "probabilities": [
                {
                    "grade": 0,
                    "levelRatio_1": 1.0,
                    "levelRatio_2": 0.75,
                    "levelRatio_3": 0.4699999988079071,
                    "levelRatio_4": 0.1899999976158142,
                    "levelRatio_5": 0.20239999890327457,
                    "levelRatio_6": 0.1988999992609024,
                    "levelRatio_7": 0.19839900732040409,
                    "levelRatio_8": 0.07679499685764313,
                    "levelRatio_9": 0.07357999682426453,
                    "levelRatio_10": 0.09210000187158585
                },
                {
                    "grade": 1,
                    "levelRatio_1": 0.0,
                    "levelRatio_2": 0.25,
                    "levelRatio_3": 0.4300000071525574,
                    "levelRatio_4": 0.5600000023841858,
                    "levelRatio_5": 0.44999998807907107,
                    "levelRatio_6": 0.3100000023841858,
                    "levelRatio_7": 0.2199999988079071,
                    "levelRatio_8": 0.18000000715255738,
                    "levelRatio_9": 0.10000000149011612,
                    "levelRatio_10": 0.0949999988079071
                },
                {
                    "grade": 2,
                    "levelRatio_1": 0.0,
                    "levelRatio_2": 0.0,
                    "levelRatio_3": 0.10000000149011612,
                    "levelRatio_4": 0.2300000041723251,
                    "levelRatio_5": 0.2870000004768372,
                    "levelRatio_6": 0.3700000047683716,
                    "levelRatio_7": 0.3400000035762787,
                    "levelRatio_8": 0.2899999916553498,
                    "levelRatio_9": 0.2199999988079071,
                    "levelRatio_10": 0.10000000149011612
                },
                {
                    "grade": 3,
                    "levelRatio_1": 0.0,
                    "levelRatio_2": 0.0,
                    "levelRatio_3": 0.0,
                    "levelRatio_4": 2.0,
                    "levelRatio_5": 0.05999999865889549,
                    "levelRatio_6": 0.119999997317791,
                    "levelRatio_7": 0.239999994635582,
                    "levelRatio_8": 0.44999998807907107,
                    "levelRatio_9": 0.6000000238418579,
                    "levelRatio_10": 0.699999988079071
                },
                {
                    "grade": 4,
                    "levelRatio_1": 0.0,
                    "levelRatio_2": 0.0,
                    "levelRatio_3": 0.0,
                    "levelRatio_4": 0.0,
                    "levelRatio_5": 0.0006000000284984708,
                    "levelRatio_6": 0.0008999999845400453,
                    "levelRatio_7": 0.0012000000569969416,
                    "levelRatio_8": 0.002400000113993883,
                    "levelRatio_9": 0.004800000227987766,
                    "levelRatio_10": 0.009600000455975533
                },
                {
                    "grade": 5,
                    "levelRatio_1": 0.0,
                    "levelRatio_2": 0.0,
                    "levelRatio_3": 0.0,
                    "levelRatio_4": 0.0,
                    "levelRatio_5": 0.0,
                    "levelRatio_6": 0.00019999999494757503,
                    "levelRatio_7": 0.00039999998989515007,
                    "levelRatio_8": 0.0007999999797903001,
                    "levelRatio_9": 0.0015999999595806005,
                    "levelRatio_10": 0.003199999919161201
                },
                {
                    "grade": 6,
                    "levelRatio_1": 0.0,
                    "levelRatio_2": 0.0,
                    "levelRatio_3": 0.0,
                    "levelRatio_4": 0.0,
                    "levelRatio_5": 0.0,
                    "levelRatio_6": 0.0,
                    "levelRatio_7": 9.999999974752428e-7,
                    "levelRatio_8": 0.000004999999873689376,
                    "levelRatio_9": 0.000019999999494757503,
                    "levelRatio_10": 0.00009999999747378752
                }
            ]
        },
        {
            "tid": 3400000002,
            "description": "스킬",
            "probabilities": [
                {
                    "grade": 0,
                    "levelRatio_1": 1.0,
                    "levelRatio_2": 0.75,
                    "levelRatio_3": 0.4699999988079071,
                    "levelRatio_4": 0.1899999976158142,
                    "levelRatio_5": 0.20239999890327457,
                    "levelRatio_6": 0.1988999992609024,
                    "levelRatio_7": 0.19839900732040409,
                    "levelRatio_8": 0.07679499685764313,
                    "levelRatio_9": 0.07357999682426453,
                    "levelRatio_10": 0.09210000187158585
                },
                {
                    "grade": 1,
                    "levelRatio_1": 0.0,
                    "levelRatio_2": 0.25,
                    "levelRatio_3": 0.4300000071525574,
                    "levelRatio_4": 0.5600000023841858,
                    "levelRatio_5": 0.44999998807907107,
                    "levelRatio_6": 0.3100000023841858,
                    "levelRatio_7": 0.2199999988079071,
                    "levelRatio_8": 0.18000000715255738,
                    "levelRatio_9": 0.10000000149011612,
                    "levelRatio_10": 0.0949999988079071
                },
                {
                    "grade": 2,
                    "levelRatio_1": 0.0,
                    "levelRatio_2": 0.0,
                    "levelRatio_3": 0.10000000149011612,
                    "levelRatio_4": 0.2300000041723251,
                    "levelRatio_5": 0.2870000004768372,
                    "levelRatio_6": 0.3700000047683716,
                    "levelRatio_7": 0.3400000035762787,
                    "levelRatio_8": 0.2899999916553498,
                    "levelRatio_9": 0.2199999988079071,
                    "levelRatio_10": 0.10000000149011612
                },
                {
                    "grade": 3,
                    "levelRatio_1": 0.0,
                    "levelRatio_2": 0.0,
                    "levelRatio_3": 0.0,
                    "levelRatio_4": 2.0,
                    "levelRatio_5": 0.05999999865889549,
                    "levelRatio_6": 0.119999997317791,
                    "levelRatio_7": 0.239999994635582,
                    "levelRatio_8": 0.44999998807907107,
                    "levelRatio_9": 0.6000000238418579,
                    "levelRatio_10": 0.699999988079071
                },
                {
                    "grade": 4,
                    "levelRatio_1": 0.0,
                    "levelRatio_2": 0.0,
                    "levelRatio_3": 0.0,
                    "levelRatio_4": 0.0,
                    "levelRatio_5": 0.0006000000284984708,
                    "levelRatio_6": 0.0008999999845400453,
                    "levelRatio_7": 0.0012000000569969416,
                    "levelRatio_8": 0.002400000113993883,
                    "levelRatio_9": 0.004800000227987766,
                    "levelRatio_10": 0.009600000455975533
                },
                {
                    "grade": 5,
                    "levelRatio_1": 0.0,
                    "levelRatio_2": 0.0,
                    "levelRatio_3": 0.0,
                    "levelRatio_4": 0.0,
                    "levelRatio_5": 0.0,
                    "levelRatio_6": 0.00019999999494757503,
                    "levelRatio_7": 0.00039999998989515007,
                    "levelRatio_8": 0.0007999999797903001,
                    "levelRatio_9": 0.0015999999595806005,
                    "levelRatio_10": 0.003199999919161201
                },
                {
                    "grade": 6,